tnaoqdlsigggsojmbjyq Integer; dvthyrmkmgifuohlwavb Date; rgdyuoqdmdwwquqxsrpx Date; pafbxbkdhwoamxyvrtmk String; bjwijknawjsfkxlqacbt Float; dmvonvjsvtfxfewfcwrm Float; mkgwejoomhvpsrhnnium Date; btecdtafafndkngrgxke Date; gugnxpfmwirtcelrgdsk String; jingsseekohoxpffnpen Integer; nmirnsbgcnkceyuwgytf Integer; kachacvlxfdpyfvwavsy Date; rxcwdejxuiyovycnjaqk String; wohwjudydxwjftmmxedv Integer; rwppfotychmafhccpfmi Float; bkuwkojblppevuryyrqu String; advukwexrkvsruthcseq Float; frnmrhdkocdxnqiwnyln String; kkjbswmbakvfmaphpicd Integer; stiogxeamvtcgqftimtu Float; tcjefwknbahewhuqcttu Integer; rlodqtxvtvydogjpjdij String
-794160640; 6/5/2023; 6/5/2020; ymgcujsvpxgqlttnaoqd; -2147483648,44596; -2147483648,72172; 6/5/2021; 6/5/2023; jmbjyqdvthyrmkmgifuo; 662187666; 1966688234; 6/5/2024; gdyuoqdmdwwquqxsrpxp; -76460946; -2147483648,05759; xbkdhwoamxyvrtmkbjwi; -2147483648,37402; knawjsfkxlqacbtdmvon; 1854628887; -2147483648,73492; 1806095879; fxfewfcwrmmkgwejoomh
-1848273756; 6/5/2021; 6/5/2021; umbtecdtafafndkngrgx; -2147483648,40353; -2147483648,17628; 6/5/2021; 6/5/2023; fmwirtcelrgdskjingss; -401451674; -930525118; 6/5/2025; pffnpennmirnsbgcnkce; 2121374665; -2147483648,91765; gytfkachacvlxfdpyfvw; -2147483648,02298; vsyrxcwdejxuiyovycnj; 29683304; -2147483648,43197; 1938740255; hwjudydxwjftmmxedvrw
-1352948677; 6/5/2024; 6/5/2021; mafhccpfmibkuwkojblp; -2147483648,60892; -2147483648,19928; 6/5/2024; 6/5/2024; quadvukwexrkvsruthcs; 396729921; 439023359; 6/5/2024; hdkocdxnqiwnylnkkjbs; -1892238435; -2147483648,0467; akvfmaphpicdstiogxea; -2147483648,48464; vtcgqftimtutcjefwknb; -31475617; -2147483648,19902; -1910581964; uqctturlodqtxvtvydog
-780772248; 6/5/2022; 6/5/2023; yloofyuoqnrxdhngnlxn; -2147483648,77088; -2147483648,20643; 6/5/2023; 6/5/2021; hxkjibmcocnyafekkqdb; -168447194; 1336553599; 6/5/2025; tkjxpaqhrdhpbulrlwym; 1220087850; -2147483648,64913; tylwceinyjfsqedxxjxm; -2147483648,27815; cacfpkeylkhstpyddncj; -1256355908; -2147483648,24425; 1756761776; tmhyadqnjqxiqmtdonxx
2145147605; 6/5/2024; 6/5/2024; crtthevwvykhqfjyaumb; -2147483648,31388; -2147483648,22553; 6/5/2021; 6/5/2025; xdffgukqvdampvgocpht; -1092690950; 285894218; 6/5/2023; wqylkcyxstfbuurcvtyk; -939233528; -2147483648,45932; rrohjjagvlhnawrpjqxn; -2147483648,76944; wolytmgeijbxfgtuupos; -1170291505; -2147483648,57515; 1117518242; reeepsmkrudchowscncf
-1288506159; 6/5/2024; 6/5/2022; ufnyxrbhbarponnlqrma; -2147483648,6623; -2147483648,98124; 6/5/2022; 6/5/2025; nhjbrdolgdeompqbulqb; 593913885; 523096178; 6/5/2024; utsmqbestpqwlxbennxn; -122306690; -2147483648,38752; yaqopjbharksrnpmnivw; -2147483648,44353; enfcfyrnclqnjtmalnis; -742829225; -2147483648,23374; 63253468; iqxajfekxtllmkjiswft
-465709272; 6/5/2023; 6/5/2023; dcohewvitmsglckaboyc; -2147483648,96531; -2147483648,41602; 6/5/2020; 6/5/2020; wunhjqhvedgonanfexhc; 1940374561; -148607016; 6/5/2023; smwhwwvlyykvuuouwhjo; -2010208893; -2147483648,36005; mcyvcdsoercoihvjqrno; -2147483648,26021; sbmhixeqsdpvdjexasif; 830129636; -2147483648,17465; -1498747929; fmbxsvjhcsamoteoxkom
1523199077; 6/5/2022; 6/5/2021; ivmwtackdragfoaqellx; -2147483648,1798; -2147483648,64985; 6/5/2023; 6/5/2020; pjmcwexfgdrorskfkhgd; -365433861; -1045945687; 6/5/2020; rkqgolbusfwibpujasvf; -960421869; -2147483648,19705; khykvjwmwwdftovccqwr; -2147483648,02844; mxemivlghtomggypbflv; 1502785918; -2147483648,43563; -1963863944; audptonnewitwmnkgpdo
-1548748043; 6/5/2023; 6/5/2022; vimngcibhpmeaybipuer; -2147483648,93133; -2147483648,41542; 6/5/2021; 6/5/2022; lgdtdcqukumueldqcyns; -1025648515; -602145252; 6/5/2023; kwcfxjvobmsaxhfwtiin; -969780216; -2147483648,78062; hiuxykylwkogxhpolhwb; -2147483648,15597; ixolgcminebdcuwckvdc; 79376355; -2147483648,60926; -847012279; hpeswfofpxjfmsimdjfm
257632458; 6/5/2022; 6/5/2024; ycmiekxmhopxmwmvmwwc; -2147483648,83543; -2147483648,599; 6/5/2022; 6/5/2022; dlgvtugmlbbctuensgyf; 717953475; 445293037; 6/5/2025; jfyxglmjuhsdqqykkuuh; -14334591; -2147483648,38343; scxrdngrtlxvhldtphli; -2147483648,22076; ychniftshawyuguitjun; -1316997090; -2147483648,69109; -1578095288; rxhbeanbetypetimxmlb
1904923174; 6/5/2022; 6/5/2023; upakosqglrcyiwqmusoo; -2147483648,51369; -2147483648,05139; 6/5/2021; 6/5/2021; raqicwgnsoblcbbgjlry; -1767917489; -985573667; 6/5/2020; sxnewtlokbtwkqcsgrdl; 985550377; -2147483648,39764; ctyxjyoybsumpfjdqqmp; -2147483648,22519; pogisafycvqsnkkwvbov; -168647555; -2147483648,15968; 1354784040; mmvnmuyjemfrpqxjyxvd
-1618624117; 6/5/2021; 6/5/2025; sdwkqefmilpbrijxeffk; -2147483648,64267; -2147483648,50443; 6/5/2021; 6/5/2022; rwhrfbqaoublklamiulk; 1481150991; -1669319658; 6/5/2021; gaccetutlewupriijety; 426822323; -2147483648,60916; lmaysvcgdcukymrwqpqo; -2147483648,3247; kyvriljvtebskppdtbxi; -1967563131; -2147483648,74369; -1715404838; ivrgdinwhamehjkrkjwt
-1392660893; 6/5/2024; 6/5/2024; fkrfbkyproqumvdpdxmq; -2147483648,52158; -2147483648,62468; 6/5/2024; 6/5/2024; ypmgturvigdwktauscgu; -908523805; -2049461055; 6/5/2021; owikasepcbjaqdggvuog; -1580261907; -2147483648,70312; pstvjsqrvwpcyavddfew; -2147483648,73788; icoqdacatqlyesrfwuwl; -802462943; -2147483648,12726; -80767578; hgaqlaorygpeefsnrbfe
228338009; 6/5/2025; 6/5/2021; ljuynovtciipwhflbbsp; -2147483648,16536; -2147483648,89089; 6/5/2025; 6/5/2022; xvtgphfplqpoiylirpgu; -1221508917; 257446611; 6/5/2020; orhbrqjugocyobpyjldg; -433997639; -2147483648,33844; tgodxdsxsueqxdpxxxdf; -2147483648,76284; ppqtxuskinwdinucmlrn; -1416901150; -2147483648,17062; 875932445; rvtmfhbeodqxjyhynkhh
1091221687; 6/5/2025; 6/5/2022; rchlgjgyywdfvytjdedm; -2147483648,3995; -2147483648,5484; 6/5/2025; 6/5/2020; gyqtuollvfqyshapgckn; -1740796783; 1387436553; 6/5/2020; dyjodmcsyfijhmhnxmes; 201588774; -2147483648,50934; qtrihaiymumhmlpmmpoa; -2147483648,39925; wrdbmqrecfyplstkdurq; 527117471; -2147483648,54412; 1650957434; tciaqdnncsbohtjpujon
1508877445; 6/5/2020; 6/5/2025; idbejvsojelclciasvva; -2147483648,32483; -2147483648,0297; 6/5/2025; 6/5/2024; imxiiqexqwekbugqxmcp; -1518148233; -227143031; 6/5/2023; hspfdjyfvfcttwjiurkx; -1123457577; -2147483648,76833; mldvapjsvmdvfbrbbboj; -2147483648,42854; vshshjhmbwanxctynypm; 1060186770; -2147483648,26511; -1431885264; ehdpjvxjiqsvdrfcfupc
690034793; 6/5/2020; 6/5/2025; wxplprdcevqabeplbdkg; -2147483648,37309; -2147483648,38836; 6/5/2023; 6/5/2025; ifowsymkbgfkndxidpad; 1396178888; -1878078842; 6/5/2023; mqeubygsxhtgbqfktxyr; 476391918; -2147483648,9146; hanngvirtwkysvldkhky; -2147483648,06941; iiymkbcxcdjbsvtnlavp; 1264456163; -2147483648,36669; 1450057979; lniuokulvyrobutfsrta
-1994685621; 6/5/2023; 6/5/2023; jmiyhuxntdnrnowwcyjf; -2147483648,08918; -2147483648,37619; 6/5/2023; 6/5/2022; nqfoegcjpshgvglpebli; -169527752; 1237798905; 6/5/2022; yqbjqblycwxnhmnhirdj; -1778995189; -2147483648,2102; cnekklcpaducrnjpejgj; -2147483648,72324; gmeunufwkqpckyumpbny; -622081064; -2147483648,4313; 1003702077; usybxynmmvbypvpvrolf
2120545067; 6/5/2020; 6/5/2024; jkibrjrbgvlqboxcsmae; -2147483648,90777; -2147483648,12458; 6/5/2025; 6/5/2023; ejwjqucbmagfeopvdudk; -725585440; -1800288951; 6/5/2024; gvaclxewvxcyglwosgta; 725060624; -2147483648,74504; eedberngunyvfmxugyqs; -2147483648,89961; auvxlvcktcmscvxhwyeh; -1485776822; -2147483648,43978; -585110935; rctlmaqtvdigcsukvbkm
-195092461; 6/5/2022; 6/5/2022; kfsjphttiygbuygrobtf; -2147483648,35866; -2147483648,87001; 6/5/2020; 6/5/2023; ltydaejpjyquybcwuiqd; 1849862183; -922917334; 6/5/2020; njnjusehnacbqophpkyf; 617340984; -2147483648,95358; kqdkrnjnngbugvpubuto; -2147483648,88779; rhangquapnvukcrrimte; 992833363; -2147483648,80008; 1321083891; ikyowkmebsidwlvnnxrf
13364244; 6/5/2020; 6/5/2020; kkcmjswfulrdipijiola; -2147483648,88485; -2147483648,63051; 6/5/2020; 6/5/2022; rclfcmsqpvsdnqrcgnvj; 1103551506; 1185455459; 6/5/2020; tmmjyxknsymavwrsmvhl; 484425864; -2147483648,85759; jnnkyhnwxuixddlteddy; -2147483648,08355; tnalupbrxuwvpduknlfe; 223894027; -2147483648,23328; 1091473386; npacdicxtoanxermeayk
180934375; 6/5/2022; 6/5/2025; tyghmngyapumuwvnuwoh; -2147483648,52471; -2147483648,69984; 6/5/2021; 6/5/2020; pkslqeetisakwrloflpe; 1440976254; -1764199608; 6/5/2022; cbsakqfipvivpsbebvej; -1739914722; -2147483648,33905; hulrieohkgucsospsqjv; -2147483648,70622; vpakpgtowyovslfyyvea; -1208375498; -2147483648,58874; -1708382674; ipigkrljpkfkgswurmgg
